EMPREENDIMENTO,Responsável pela execução,Geral,Assunto,Status da Contratação,?!,Situação,Status Andamento,Início,Previsão de entrega,Entrega Efetiva,Observações e Rotinas
Villa Alta,Margarete,Documentação,Contrato/ Aditivo,Contratado,, Finalizado,Finalizado,,,,
Villa Alta,Margarete/ Carol,Documentação,Transferência de Escritura/ Registro RI,Contratado,,"18/05/26 - Encaminhada minuta para terrenistas
15/05/26 - Aprovada Minuta de Transferência pela LV
15/05/26 - Recebida documentação de proprietários",Em andamento,,,,
Villa Alta,Margarete / Escala topografia,Documentação,Retificação/Unificação,Contratado,,20.05.26: Mapeamento entregue. Em andamento no cartório,Em andamento,,,,
Villa Alta,Locates,Marketing,Pesquisa de Mercado,Contratado,,Finalizado,Finalizado,,,,
Villa Alta,Guto - LV,Marketing,Vôo de Drone,Contratado,,Finalizado,Finalizado,,,,
Villa Alta,Blu,Marketing,Desenvolvimento de Produto,Contratado,,Finalizado,Finalizado,,,,
Villa Alta,Blu,Marketing,Desenvolvimento de Marca,Contratado,,Finalizado,Finalizado,,,,
Villa Alta,Escala,Documentação,Levantamento Planialtimétrico,Contratado,,Finalizado,Finalizado,,,,
Villa Alta,Barossi,Obra,Percolação e Nível Lençol freático,Contratado,,Finalizado,Finalizado,,,,
Villa Alta,Barossi,Obra,Sondagem,Contratado,,Finalizado,Finalizado,,,,
Villa Alta,Premiere,Processos,Consulta de Viabilidade de Água,Contratado,,Emitida,Finalizado,,,,
Villa Alta,Premiere,Processos,Consulta de Viabilidade de Esgoto,Contratado,,Emitida,Finalizado,,,,
Villa Alta,Premiere,Processos,Consulta de Viabilidade de Energia,Contratado,,Emitida,Finalizado,,,,
Villa Alta,A.S Soluções,Processos,Consulta de Viabilidade de Drenagem,Contratado,,20.05.26: Em análise na SMI,Em andamento,,,,
Villa Alta,A.S Soluções,Processos,Consulta de Viabilidade de Resíduos,Contratado,,Emitida,Finalizado,,,,
Villa Alta,Otus,Gestão,Coordenação e Compatibilização,Contratado,,Em andamento,Em andamento,,,,
Villa Alta,Methafora,Projetos,Projeto - Arquitetônico - Legal,Contratado,,20.05.26: Entrega prevista 15.05.26,Em andamento,,15/05/2026,18/05/2026,
Villa Alta,Methafora,Projetos,Projeto - Arquitetônico - Desenvolvimento,Contratado,,21.05.26: Em andamento,Em andamento,,,,
Villa Alta,Methafora / LV,Processos,Aprovação - Arquitetônico,Contratado,,20.05.26: Protocolo de substituição de projeto realizado,Em análise,20/05/2026,,,
Villa Alta,AO Architects Office,Projetos,Projeto - Interiores -  área comum,Contratado,,21.05.26: Em andamento,Em andamento,,,,
Villa Alta,Guilherme Moki,Projetos,Projeto de Interiores - Comercial,Contratado,,21.05.26: Em andamento,Em andamento,,,,
Villa Alta,JA8 Paisagismo,Projetos,Projeto - Paisagismo,Contratado,,20.05.26: Em andamento - entrega intermediária prevista para 22.05.26,Em andamento,,22/05/2026,,
Villa Alta,Tático,Documentação,Orçamento,Contratado,,20.05.26: Andamento com orçamento paramétrico,Em andamento,,,,
Villa Alta,Tático,Documentação,Cronograma de Obra,Contratado,,20.05.26: em andamento,Em andamento,,,,
Villa Alta,Otus,Documentação,Compatibilização,Contratado,,Em andamento,Em andamento,,,,
Villa Alta,FN Estrutural,Projetos,Projeto - Estrutural,Contratado,,Em andamento,Em andamento,,,,
Villa Alta,FN Estrutural,Projetos,Projeto -  Fundações e Contenções,Contratado,,Em andamento,Em andamento,,,,
Villa Alta,Premiere,Projetos,Projeto - Hidrossanitário,Contratado,,Em andamento,Em andamento,,,,
Villa Alta,Premiere,Processos,Aprovação - Hidrossanitário,Contratado,,21.05.26: Em emissão do projeto legal para protocolo,Não iniciado,,,,
Villa Alta,Premiere,Projetos,Projeto - PPCI,Contratado,,20.05.26: Projeto legal já entregue. Projeto básico em andamento,Em andamento,,,,
Villa Alta,Premiere,Processos,Aprovação - PPCI,Contratado,,20.05.26: Protocolo já realizado,Em análise,,,,
Villa Alta,Premiere,Projetos,Projeto - Elétrica e Telecom,Contratado,,20.05.26: Em andamento,Em andamento,,,,
Villa Alta,Premiere,Ambiental,Aprovação - Elétrica,Contratado,,não iniciada,Não iniciado,,,,
Villa Alta,Premiere,Projetos,Projeto Exaustão e Climatização,Contratado,,20.05.26: Em andamento,Em andamento,,,,
Villa Alta,Premiere,Projetos,Projeto de SPDA,Contratado,,20.05.26: Em andamento,Em andamento,,,,
Villa Alta,Smart Home,Projetos,Projeto - Segurança e Automação,Contratado,,20.05.26: Em andamento,Em andamento,,,,
Villa Alta,Renovar,Projetos,Projeto - Ancoragem,Contratado,,20.05.26: Em andamento,Em andamento,,,,
Villa Alta,Arsenal,Projetos,Consultoria - Elevadores,Contratado,,20.05.26: Em andamento,Em andamento,,29/05/2026,,
Villa Alta,Redin,Projetos,Projeto - Impermeabilização,Contratado,,20.05.26: Em andamento,Em andamento,,,,
Villa Alta,Rhas,Projetos,Projeto - ETE - Empreendimento,Contratado,,20.05.26: Projeto inicial entregue - em avaliação alterações de acordo com faseamento da obra,Em andamento,,,,
Villa Alta,A.S Soluções,Projetos,Projeto - ETE - Implantação,Contratado,,Em avaliação das soluções que serão adotadas,Em andamento,,,,
Villa Alta,LeNotre,Projetos,Projeto de Irrigação,Em orçamento,,,Não iniciado,,,,
Villa Alta,,Projetos,Comunicação Visual/sinalização,Indefinido,,,Não iniciado,,,,
Villa Alta,,Projetos,Fachada - Projeto de execução,Indefinido,,,Não iniciado,,,,
Villa Alta,,Projetos,Projeto - Piscina,Em orçamento,,,Não iniciado,,,,
Villa Alta,,Projetos,Projeto de Sauna,Em orçamento,,,Não iniciado,,,,
Villa Alta,Allume,Projetos,Luminotécnico,Contratado,,20.05.26: Em andamento,Em andamento,,,,
Villa Alta,Beck & Falk,Projetos,Exaustão,Contratado,,20.05.26: Em andamento,Em andamento,,,,
Villa Alta,Scala,Projetos,Relatório de Desempenho Acústico,Contratado,,20.05.26: Em andamento,Em andamento,,,,
Villa Alta,ComfyLab,Projetos,Relatório de Desempenho Térmico,Contratado,,20.05.26: Em andamento,Em andamento,,,,
Villa Alta,ComfyLab,Projetos,Relatório de Desempenho Lumínico,Contratado,,20.05.26: Entregue 1ª análise essa semana,Em andamento,,,,
Villa Alta,A.S Soluções,Projetos,Projeto de Terraplanagem,Contratado,,21.05.26: já entregue - a ser modificado por conta da inserção do subsolo,Finalizado,,,,
Villa Alta,A.S Soluções,Projetos,Projeto de Infiltração,Contratado,,21.05.26: já entregue - mas em modificações por conta de análises de faseamento e inserção de novo subsolo,Em andamento,,,,
Villa Alta,A.S Soluções,Projetos,Projeto de Drenagem,Contratado,,21.05.26: já entregue - mas em modificações por conta de análises de faseamento e inserção de novo subsolo,Em andamento,,,,
Villa Alta,A.S Soluções,Projetos,Projeto de Subsolo,Contratado,,21.05.26: já entregue - mas em modificações por conta de análises de faseamento e inserção de novo subsolo,Em andamento,,,,
Villa Alta,A.S Soluções,Projetos,Projeto de Extensão de Rede,Contratado,,21.05.26: Em andamento,Em andamento,,,,
Villa Alta,A.S Soluções,Ambiental,Projeto - Estudo de Impacto de Vizinhança - EIV,Contratado,,21.05.26: Já entregue e protocolado,Em andamento,,,,
Villa Alta,A.S Soluções,Processos,Aprovação - Estudo de Impacto de Vizinhança - EIV,Contratado,,21.05.26: Protocolo já realizado. Fazendo alterações no relatório de acordo com a entrega da última base legal para devolutiva do comunique-se,Em andamento,,,,
Villa Alta,A.S Soluções,Ambiental,Licenciamento Ambiental,Contratado,,"21.05.26: iniciando revisão para o inclusão dos dados atualizados do projeto
20.05.26: Relatórios já entregues",Em andamento,,,,
Villa Alta,A.S Soluções,Processos,Processo LAP/LAI,Contratado,,20.05.26: Em análise,Em análise,,,,
Villa Alta,A.S Soluções,Ambiental,Inventário Florestal,Contratado,,20.05.26: Entregue,Finalizado,,,,
Villa Alta,A.S Soluções,Processos,Autorização de Corte,Contratado,,20.05.26: Em análise,Em análise,,,,
Villa Alta,LV,Projetos,"Projetos para Outorga (Drenagem, praça, etc)",Em andamento,,Em definições internas,Em análise,,,,
Villa Alta,LV,Processos,Aprovação Destinação Outorga,Indefinido,,iniciadas apenas conversas de definições junto à prefeitura,Não iniciado,,,,
Villa Alta,LV,Processos,Aprovação - Arte Pública,Em andamento,,20:05:26: Já protocolado - em análise - aguardando definições,Aguardando,,,,
Villa Alta,LV,Processos,Aprovação - Melhorias Urbanas,Em andamento,,20:05:26: Já protocolado - em análise - aguardando definições,Aguardando,,,,
Villa Alta,LV,Processos,Alvará de Construção,Em andamento,,20.05.26: Protocolado - aguardando unificação dos terrenos e nova aprovação do projeto ,Aguardando,,,,
Villa Alta,,Documentação,Laudo Cautelar de Vizinhança,Em orçamento,,,Não iniciado,,,,
Villa Alta,Giovana,Documentação,Planilha NBR 12.721,Em orçamento,,,Não iniciado,,,,
Villa Alta,,Documentação,Registro de Incorporação,Não iniciado,,,,,,,
Villa Alta,,Marketing,Planejamento de Marketing e de Comunicação,Não iniciado,,,,,,,
Villa Alta,,Marketing,Imagens 3d,Não iniciado,,,,,,,
Villa Alta,LV,Comercial,Tabela de Vendas,Em andamento,,21.05.26: em andamento atualização da base da tabela com novas informações do projeto legal.,Em andamento,,,,
Villa Alta,,Comercial,Planejamento de Lançamento,Não iniciado,,,,,,,
Villa Alta,,Gestão,LANÇAMENTO,Não iniciado,,,,,,,
Villa Alta,,Projetos,Projeto de Rebaixamento de Lençol Freático,Não será contratado,,,Não se aplica,,,,
Villa Alta,,Projetos,Consultoria de Certificação,Não será contratado,,,Não se aplica,,,,
Villa Alta,,Projetos,Projeto de Acessibilidade,Não será contratado,,,Não se aplica,,,,
Villa Alta,,Projetos,Energia Fotovoltaica,Não será contratado,,,Não se aplica,,,,
Villa Alta,,Projetos,Drywall,Não será contratado,,,Não se aplica,,,,
Villa Alta,,Projetos,Projeto de Interiores - Área Privativa,Não será contratado,,,Não se aplica,,,,
Villa Alta,,Projetos,Relatório de norma de desempenho - NBR 15.575,Não será contratado,,,Não se aplica,,,,
Villa Alta,,Projetos,Projeto de Acesso e Sinalização - SIE,Não será contratado,,,Não se aplica,,,,
Villa Alta,,Processos,Viabilidade - Acesso - SIE ,Não será contratado,,,Não se aplica,,,,
Villa Alta,,Processos,Aprovação - Projeto de acesso - SIE ,Não será contratado,,,Não se aplica,,,,
Varandas,Carol - Dani,Documentação,Contrato/ Aditivo,Contratado,!,"20.05.26: Entrei em contato com o Dani ontem novamente - sem retorno
Precisamos da assinatura do novo contrato e distrato para segurimos com a transferência de propriedade na matrícula",Aguardando,,,,
Varandas,Margarete/ Carol,Documentação,Transferência de Escritura/ Registro RI,Contratado,!,15/05/26 - Aguardando assinatura do contrato para andamento,Aguardando,,,,Crucial termos esse andamento o quanto antes - pois isso segura o novo protocolo da prefeitura que deve ser feito com troca de proprietário
Varandas,Locates,Marketing,Pesquisa de Mercado,Contratado,,Finalizado,Finalizado,,,,
Varandas,Guto - LV,Marketing,Vôo de Drone,Contratado,,Finalizado,Finalizado,,,,
Varandas,Blu,Marketing,Desenvolvimento de Produto,Contratado,,Finalizado,Finalizado,,,,
Varandas,Blu,Marketing,Desenvolvimento de Marca,Contratado,,Finalizado,Finalizado,,,,
Varandas,Siemann,Documentação,Levantamento Planialtimétrico,Contratado,,Finalizado,Finalizado,,,,
Varandas,Barossi,Obra,Percolação e Nível Lençol freático,Contratado,,Finalizado,Finalizado,,,,
Varandas,Barossi,Obra,Sondagem,Contratado,,Finalizado,Finalizado,,,,
Varandas,Premiere,Processos,Consulta de Viabilidade de Água,Contratado,,Finalizado,Finalizado,,,,Viabilidade de água - 24/04/2026  301644
Varandas,Premiere,Processos,Consulta de Viabilidade de Esgoto,Contratado,,Finalizado,Finalizado,,,,Viabilidade de esgoto - 24/04/2026  301644
Varandas,Premiere,Processos,Consulta de Viabilidade de Energia,Contratado,,Finalizado,Finalizado,,,,Protocolo: 8075517082
Varandas,A.S Soluções,Processos,Consulta de Viabilidade de Drenagem,Contratado,,20.05.26: Em análise,Em análise,,,,
Varandas,A.S Soluções,Processos,Consulta de Viabilidade de Resíduos,Contratado,,Finalizado,Finalizado,,,,PMF E 00122660/2026
Varandas,Cartesian,Gestão,Coordenação e Compatibilização,Contratado,,Em andamento,Em andamento,,,,
Varandas,BCh,Projetos,Projeto - Arquitetônico - Legal,Contratado,,21.05.26: Em andamento - previsão para JUNHO,Aguardando,,20/06/26,18/05/2026,
Varandas,BCh,Projetos,Projeto - Arquitetônico - Desenvolvimento,Contratado,,21.05.26: Em andamento,Em andamento,,,,
Varandas,Bch / LV,Processos,Aprovação - Arquitetônico,Contratado,!,"07/05/26: Aguardando nova base e transferência na matrícula  para Reaprovação 
20.05.26:Projeto aprovado",Em análise,,,,PMF E 001093132026
Varandas,BCh,Projetos,Projeto - Interiores -  área comum,Contratado,,Em andamento,Em andamento,,,,
Varandas,BCh,Projetos,Projeto - Paisagismo,Contratado,,Em andamento,Em andamento,,,,
Varandas,Tático,Documentação,Orçamento,Contratado,,20.05.26: Andamento com orçamento paramétrico,Em andamento,,,,
Varandas,Tático,Documentação,Cronograma de Obra,Contratado,,20.05.26: em andamento,Em andamento,,,,
Varandas,Cartesian,Documentação,Compatibilização,Contratado,,Em andamento,Em andamento,,,,
Varandas,Habitat,Projetos,Projeto - Estrutural,Contratado,,Em andamento,Em andamento,,,,
Varandas,Habitat,Projetos,Projeto -  Fundações e Contenções,Contratado,,Em andamento,Em andamento,,,,
Varandas,Premiere,Projetos,Projeto - Hidrossanitário,Contratado,,20.05.26: Em andamento,Em andamento,,,,
Varandas,Premiere,Processos,Aprovação - Hidrossanitário,Contratado,,aguardando finalização,Aguardando,,,,
Varandas,Premiere,Projetos,Projeto - PPCI,Contratado,,20.05.26: Legal entregue. Em andamento com o básico,Em andamento,,,,
Varandas,Premiere,Processos,Aprovação - PPCI,Contratado,,21.05.26: Protocolo Realizado em 04/05/2026  Projeto Preventivo contra Incêndio:  Número do protocolo: A8105017648A,Não iniciado,,,,
Varandas,Premiere,Projetos,Projeto - Elétrica e Telecom,Contratado,,20.05.26: Em andamento,Em andamento,,,,
Varandas,Premiere,Ambiental,Aprovação - Elétrica,Contratado,,não iniciada,Não iniciado,,,,
Varandas,Premiere,Projetos,Projeto Exaustão e Climatização,Contratado,,20.05.26: Em andamento,Em andamento,,,,
Varandas,Premiere,Projetos,Projeto de SPDA,Contratado,,20.05.26: Em andamento,Em andamento,,,,
Varandas,Smart Homes,Projetos,Projeto - Segurança e Automação,Contratado,,20.05.26: Em andamento,Em andamento,,,,
Varandas,Renovar,Projetos,Projeto - Ancoragem,Contratado,,20.05.26: Em andamento,Em andamento,,,,
Varandas,Arsenal,Projetos,Consultoria - Elevadores,Contratado,,20.05.26: Em andamento,Em andamento,,,,
Varandas,Redin,Projetos,Projeto - Impermeabilização,Contratado,,20.05.26: Em andamento,Em andamento,,,,
Varandas,A.S Soluções,Projetos,Projeto - ETE - Empreendimento,Contratado,,20.05.26: Projeto em modificação,Em andamento,,,,
Varandas,A.S Soluções,Projetos,Projeto - ETE - Implantação,Contratado,,Em avaliação das soluções que serão adotadas,Em andamento,,,,
Varandas,,Projetos,Projeto de Irrigação,Não iniciado,,,Não iniciado,,,,
Varandas,,Projetos,Comunicação Visual/sinalização,Indefinido,,,Não iniciado,,,,
Varandas,,Projetos,Fachada - Projeto de execução,Indefinido,,,Não iniciado,,,,
Varandas,Hidroágua ,Projetos,Projeto - Piscina,Contratado,,20.05.26: Em andamento,Em andamento,,,,
Varandas,Hidroágua ,Projetos,Projeto de Sauna,Contratado,,20.05.26: Em andamento,Em andamento,,,,
Varandas,,Projetos,Luminotécnico,Não iniciado,,,Não iniciado,,,,
Varandas,Beck & Falk,Projetos,Exaustão,Contratado,,20.05.26: Em andamento,Em andamento,,,,
Varandas,Scala,Projetos,Relatório de Desempenho Acústico,Contratado,,20.05.26: Em andamento,Em andamento,,,,
Varandas,ComfyLab,Projetos,Relatório de Desempenho Térmico,Contratado,,20.05.26: Em andamento,Em andamento,,,,
Varandas,ComfyLab,Projetos,Relatório de Desempenho Lumínico,Contratado,,20.05.26: Em andamento,Em andamento,,,,
Varandas,A.S Soluções,Projetos,Projeto de Terraplanagem,Contratado,,20.05.26: entregue,Finalizado,,,,
Varandas,A.S Soluções,Projetos,Projeto de Infiltração,Contratado,,20.05.26: modificações,Em andamento,,,,
Varandas,A.S Soluções,Projetos,Projeto de Drenagem,Contratado,,20.05.26: modificações,Em andamento,,,,
Varandas,A.S Soluções,Projetos,Projeto de Subsolo,Contratado,,20.05.26: modificações,Em andamento,,,,
Varandas,,Projetos,Projeto de Extensão de Rede,Não será contratado,,,Não se aplica,,,,
Varandas,A.S Soluções,Ambiental,Projeto - Estudo de Impacto de Vizinhança - EIV,Contratado,,20.05.26: entregue - modificações do parecer sendo realizadas,Em andamento,,,,
Varandas,A.S Soluções,Processos,Aprovação - Estudo de Impacto de Vizinhança - EIV,Contratado,,20.05.26: Protocolado - solicitadas alterações,Aguardando,,,,
Varandas,A.S Soluções,Ambiental,Licenciamento Ambiental,Contratado,,20.05.26: Em andamento,Em andamento,,,,
Varandas,A.S Soluções,Processos,Processo LAP/LAI,Contratado,,20.05.26: Em análise,Em análise,,,,
Varandas,A.S Soluções,Ambiental,Inventário Florestal,Contratado,,20.05.26: Entregue,Finalizado,,,,
Varandas,A.S Soluções,Processos,Autorização de Corte,Contratado,,20.05.26: Em análise,Em análise,,,,
Varandas,LV,Projetos,"Projetos para Outorga (Drenagem, praça, etc)",Em andamento,,Em definições internas,Em análise,,,,
Varandas,LV,Processos,Aprovação Destinação Outorga,Indefinido,,iniciadas apenas conversas de definições junto à prefeitura,Não iniciado,,,,
Varandas,LV,Processos,Aprovação - Arte Pública,Em andamento,,20.05.26: a ser protocolado,Aguardando,,,,
Varandas,LV,Processos,Aprovação - Melhorias Urbanas,Em andamento,,20.05.26: a ser protocolado,Aguardando,,,,
Varandas,LV,Processos,Alvará de Construção,Em andamento,,20.05.26: a ser protocolado,Aguardando,,,,
Varandas,,Documentação,Laudo Cautelar de Vizinhança,Em orçamento,,,Não iniciado,,,,
Varandas,Giovana,Documentação,Planilha NBR 12.721,Contratado,,21:05:26: aguardando nova base pl,Não iniciado,,,,
Varandas,,Documentação,Registro de Incorporação,Não iniciado,,,,,,,
Varandas,,Marketing,Planejamento de Marketing e de Comunicação,Não iniciado,,,,,,,
Varandas,,Marketing,Imagens 3d,Não iniciado,,,,,,,
Varandas,LV,Comercial,Tabela de Vendas,Em andamento,,21.05.26: em andamento  base da tabela ,Em andamento,,,,
Varandas,,Comercial,Planejamento de Lançamento,Não iniciado,,,,,,,
Varandas,,Gestão,LANÇAMENTO,Não iniciado,,,,,,,
Varandas,,,,,,,,,,,
Varandas,,,,,,,,,,,
Varandas,,,,,,,,,,,
Varandas,,,,,,,,,,,
Varandas,,Projetos,Projeto de Rebaixamento de Lençol Freático,Não será contratado,,,Não se aplica,,,,
Varandas,,Projetos,Consultoria de Certificação,Não será contratado,,,Não se aplica,,,,
Varandas,,Projetos,Projeto de Acessibilidade,Não será contratado,,,Não se aplica,,,,
Varandas,,Projetos,Energia Fotovoltaica,Não será contratado,,,Não se aplica,,,,
Varandas,,Projetos,Drywall,Não será contratado,,,Não se aplica,,,,
Varandas,,Projetos,Projeto de Interiores - Área Privativa,Não será contratado,,,Não se aplica,,,,
Varandas,,Projetos,Relatório de norma de desempenho - NBR 15.575,Não será contratado,,,,,,,
Varandas,,Projetos,Projeto de Acesso e Sinalização - SIE,Não será contratado,,,Não se aplica,,,,
Varandas,,Processos,Viabilidade - Acesso - SIE ,Não será contratado,,,Não se aplica,,,,
Varandas,,Processos,Aprovação - Projeto de acesso - SIE ,Não será contratado,,,Não se aplica,,,,
Jerivá,-,Documentação,Contrato/ Aditivo,Contratado,, Finalizado,Finalizado,,,,
Jerivá,-,Documentação,Transferência de Escritura/ Registro RI,Contratado,, Finalizado,Finalizado,,,,
Jerivá,Margarete / Arnoldo ,Documentação,Retificação/Unificação,Contratado,,20.05.26:  Em andamento no cartório com a retificação de área da matrícula,Em andamento,,,,
Jerivá,Locates,Marketing,Pesquisa de Mercado,Contratado,,Finalizado,Finalizado,,,,
Jerivá,Guto - LV,Marketing,Vôo de Drone,Contratado,,Finalizado,Finalizado,,,,
Jerivá,Blu,Marketing,Desenvolvimento de Produto,Contratado,,Finalizado,Finalizado,,,,
Jerivá,Blu,Marketing,Desenvolvimento de Marca,Contratado,,Finalizado,Finalizado,,,,
Jerivá,Arnoldo,Documentação,Levantamento Planialtimétrico,Contratado,,Finalizado,Finalizado,,,,
Jerivá,Barossi,Obra,Percolação e Nível Lençol freático,Contratado,,Finalizado,Finalizado,,,,
Jerivá,Ricardo Anoni,Obra,Estudo complementar de Solo,Contratado,,"21.05.26: Solicitadas alterações no parecer da lap/lai - em andamento
20.05.26: Entregue estudo inicial",Em andamento,,27/05/2026,,
Jerivá,Barossi,Obra,Sondagem,Contratado,,Finalizado,Finalizado,,,,
Jerivá,Premiere,Processos,Consulta de Viabilidade de Água,Contratado,,"21.05.26: Protocolada nova viabilidade - aumento de UH
Emitida ",Em análise,,,,
Jerivá,Premiere,Processos,Consulta de Viabilidade de Esgoto,Contratado,,Emitida,Finalizado,,,,
Jerivá,Premiere,Processos,Consulta de Viabilidade de Energia,Contratado,,Emitida,Finalizado,,,,
Jerivá,Rhas,Processos,Consulta de Viabilidade de Drenagem,Contratado,,20.05.26: Em análise na SMI,Em andamento,,,,
Jerivá,Rhas,Processos,Consulta de Viabilidade de Resíduos,Contratado,?,"21.05.26: Verificar para a reaprovação com as alterações
Emitida",Aguardando,,,,"Viabilidade de Resíduos Protocolo - 00174671/2025
E emitida em 11/09/2025"
Jerivá,Cartesian,Gestão,Coordenação e Compatibilização,Contratado,,Em andamento,Em andamento,,,,
Jerivá,D'house,Projetos,Projeto - Arquitetônico - Legal,Contratado,,20.05.26: Entrega prevista ,Em andamento,,,,
Jerivá,D'house,Projetos,Projeto - Arquitetônico - Desenvolvimento,Contratado,,21.05.26: Em andamento,Em andamento,,,,
Jerivá,D'house / LV,Processos,Aprovação - Arquitetônico,Contratado,,"20.05.26: Protocolo de substituição de projeto a ser realizado - previsão: JUNHO
Projeto Aprovado: PMF E 00098862/2025 - 72501",Aguardando,,JUNHO,,Projeto Aprovado: PMF E 00098862/2025 - 72501
Jerivá,D'house ,Projetos,Projeto - Interiores -  área comum,Contratado,,21.05.26: Em andamento,Em andamento,,,,
Jerivá,Terraço,Projetos,Projeto - Paisagismo,Contratado,,20.05.26: Em andamento,Em andamento,,,,
Jerivá,Tático,Documentação,Orçamento,Contratado,,20.05.26: orçamento paramétrico já entregue,Em andamento,,,,
Jerivá,Tático,Documentação,Cronograma de Obra,Contratado,,20.05.26: em andamento,Em andamento,,,,
Jerivá,Cartesian,Documentação,Compatibilização,Contratado,,Em andamento,Em andamento,,,,
Jerivá,Habitat,Projetos,Projeto - Estrutural,Contratado,,Em andamento,Em andamento,,,,
Jerivá,Habitat,Projetos,Projeto -  Fundações e Contenções,Contratado,,Em andamento,Em andamento,,,,
Jerivá,Premiere,Projetos,Projeto - Hidrossanitário,Contratado,,Em andamento,Em andamento,,,,
Jerivá,Premiere,Processos,Aprovação - Hidrossanitário,Contratado,,21.05.26: Protocolado 16194/2025 Em 10/12/2025,Em análise,,,,
Jerivá,Premiere,Projetos,Projeto - PPCI,Contratado,,20.05.26: Projeto legal já entregue. Projeto básico em andamento,Em andamento,,,,
Jerivá,Premiere,Processos,Aprovação - PPCI,Contratado,,20.05.26: Projeto protocolado: A8105016679A  Data: 10/12/2025,Em análise,,,,
Jerivá,Premiere,Projetos,Projeto - Elétrica e Telecom,Contratado,,20.05.26: Em andamento,Em andamento,,,,
Jerivá,Premiere,Ambiental,Aprovação - Elétrica,Contratado,,não iniciada,Não iniciado,,,,
Jerivá,Premiere,Projetos,Projeto Exaustão e Climatização,Contratado,,20.05.26: Em andamento,Em andamento,,,,
Jerivá,Premiere,Projetos,Projeto de SPDA,Contratado,,20.05.26: Em andamento,Em andamento,,,,
Jerivá,Smart Home,Projetos,Projeto - Segurança e Automação,Contratado,,20.05.26: Em andamento,Em andamento,,,,
Jerivá,Renovar,Projetos,Projeto - Ancoragem,Contratado,,20.05.26: Em andamento,Em andamento,,,,
Jerivá,Arsenal,Projetos,Consultoria - Elevadores,Contratado,,20.05.26: Entregue 1º relatório,Em andamento,,,,
Jerivá,Redin,Projetos,Projeto - Impermeabilização,Contratado,,20.05.26: Em andamento,Em andamento,,,,
Jerivá,Rhas,Projetos,Projeto - ETE - Empreendimento,Contratado,,20.05.26: Projeto inicial entregue,Finalizado,,,,
Jerivá,Rhas,Projetos,Projeto - ETE - Implantação,Contratado,,Em avaliação das soluções que serão adotadas,Em andamento,,,,
Jerivá,,Projetos,Projeto de Irrigação,Indefinido,,,Não iniciado,,,,
Jerivá,,Projetos,Comunicação Visual/sinalização,Indefinido,,,Não iniciado,,,,
Jerivá,,Projetos,Fachada - Projeto de execução,Indefinido,,,Não iniciado,,,,
Jerivá,Cia H2O,Projetos,Projeto - Piscina,Contratado,,20.05.26: Em andamento,Não iniciado,,,,
Jerivá,Cia H2O,Projetos,Projeto de Sauna,Contratado,,20.05.26: Em andamento,Não iniciado,,,,
Jerivá,,Projetos,Luminotécnico,Indefinido,,,Não iniciado,,,,
Jerivá,Beck & Falk,Projetos,Exaustão,Contratado,,20.05.26: Em andamento,Em andamento,,,,
Jerivá,Scala,Projetos,Relatório de Desempenho Acústico,Contratado,,20.05.26: Em andamento,Em andamento,,,,
Jerivá,ComfyLab,Projetos,Relatório de Desempenho Térmico,Contratado,,20.05.26: Em andamento,Em andamento,,,,
Jerivá,ComfyLab,Projetos,Relatório de Desempenho Lumínico,Contratado,,20.05.26: Entregue 1ª análise essa semana,Em andamento,,,,
Jerivá,Rhas,Projetos,Projeto de Terraplanagem,Contratado,,21.05.26: já entregue - a ser modificado por conta da inserção do subsolo,Finalizado,,,,
Jerivá,Rhas,Projetos,Projeto de Infiltração,Contratado,,21.05.26: já entregue -,Finalizado,,,,
Jerivá,Rhas,Projetos,Projeto de Drenagem,Contratado,,21.05.26: já entregue ,Finalizado,,,,
Jerivá,Rhas,Ambiental,Projeto - Estudo de Impacto de Vizinhança - EIV,Contratado,,21.05.26: Já entregue e protocolado,Aguardando,,,,
Jerivá,Rhas,Processos,Aprovação - Estudo de Impacto de Vizinhança - EIV,Contratado,,21.05.26: Protocolo já realizado. Fazendo alterações no relatório de acordo com a entrega da última base legal para devolutiva do comunique-se,Em análise,,,,
Jerivá,Rhas,Ambiental,Licenciamento Ambiental,Contratado,,"21.05.26: iniciando revisão para o inclusão das solicitações
20.05.26: Relatórios já entregues",Em andamento,,,,
Jerivá,Rhas,Processos,Processo LAP/LAI,Contratado,,20.05.26: 1ª parecer emitido - aguardando retorno,Aguardando,,,,
Jerivá,Rhas,Ambiental,Inventário Florestal,Contratado,,20.05.26: Entregue,Finalizado,,,,
Jerivá,Rhas,Processos,Autorização de Corte,Contratado,,20.05.26: Em análise,Em análise,,,,
Jerivá,LV,Projetos,Projeto de Acesso e Sinalização - SIE,Contratado,,Protocolada e emitida,Finalizado,,,,
Jerivá,Mais Engenharia,Processos,Viabilidade - Acesso - SIE ,Contratado,,20.05.26: Entregue - aguardando parecer para modificações caso necessário,Aguardando,,,,
Jerivá,Mais Engenharia,Processos,Aprovação - Projeto de acesso - SIE ,Contratado,,20.05.26: Em análise,Em análise,,,,
Jerivá,LV,Projetos,"Projetos para Outorga (Drenagem, praça, etc)",Em andamento,,Em definições internas,Em análise,,,,
Jerivá,LV,Processos,Aprovação Destinação Outorga,Indefinido,,iniciadas apenas conversas de definições junto à prefeitura,Não iniciado,,,,
Jerivá,LV,Processos,Aprovação - Arte Pública,Em andamento,,20:05:26: Já protocolado - em análise - aguardando definições,Aguardando,,,,
Jerivá,LV,Processos,Aprovação - Melhorias Urbanas,Em andamento,,20:05:26: Já protocolado - em análise - aguardando definições,Aguardando,,,,
Jerivá,LV,Processos,Alvará de Construção,Em andamento,,20.05.26: Protocolado,Aguardando,,,,
Jerivá,,Documentação,Laudo Cautelar de Vizinhança,Em orçamento,,,Não iniciado,,,,
Jerivá,Giovana,Documentação,Planilha NBR 12.721,Contratado,,21:05:26: aguardando nova base pl,Não iniciado,,,,
Jerivá,,Documentação,Registro de Incorporação,Não iniciado,,,,,,,
Jerivá,,Marketing,Planejamento de Marketing e de Comunicação,Não iniciado,,,,,,,
Jerivá,,Marketing,Imagens 3d,Não iniciado,,,,,,,
Jerivá,LV,Comercial,Tabela de Vendas,Em andamento,,21.05.26: em andamento atualização da base da tabela com novas informações do projeto legal.,Em andamento,,,,
Jerivá,,Comercial,Planejamento de Lançamento,Não iniciado,,,,,,,
Jerivá,,Gestão,LANÇAMENTO,Não iniciado,,,,,,,
Jerivá,,Projetos,Projeto de Rebaixamento de Lençol Freático,Não será contratado,,,Não se aplica,,,,
Jerivá,,Projetos,Consultoria de Certificação,Não será contratado,,,Não se aplica,,,,
Jerivá,,Projetos,Projeto de Acessibilidade,Não será contratado,,,Não se aplica,,,,
Jerivá,,Projetos,Energia Fotovoltaica,Não será contratado,,,Não se aplica,,,,
Jerivá,,Projetos,Drywall,Não será contratado,,,Não se aplica,,,,
Jerivá,,Projetos,Projeto de Interiores - Área Privativa,Não será contratado,,,Não se aplica,,,,
Jerivá,,Projetos,Relatório de norma de desempenho - NBR 15.575,Não será contratado,,,,,,,
Jerivá,,Projetos,Projeto de Subsolo,Não será contratado,,,Não se aplica,,,,
Jerivá,,Projetos,Projeto de Extensão de Rede,Contratado,,,Não se aplica,,,,
Ride,-,Documentação,Contrato/ Aditivo,Contratado,, Finalizado,Finalizado,,,,
Ride,-,Documentação,Transferência de Escritura/ Registro RI,Contratado,, Finalizado,Finalizado,,,,
Ride,-,Documentação,Retificação/Unificação,Contratado,, Finalizado,Finalizado,,,,
Ride,Locates,Marketing,Pesquisa de Mercado,Contratado,,Finalizado,Finalizado,,,,
Ride,Guto - LV,Marketing,Vôo de Drone,Contratado,,Finalizado,Finalizado,,,,
Ride,Blu,Marketing,Desenvolvimento de Produto,Contratado,,Finalizado,Finalizado,,,,
Ride,Blu,Marketing,Desenvolvimento de Marca,Contratado,,Finalizado,Finalizado,,,,
Ride,Robson,Documentação,Levantamento Planialtimétrico,Contratado,,Finalizado,Finalizado,,,,
Ride,,Obra,Percolação e Nível Lençol freático,Não será contratado,,,Não se aplica,,,,
Ride,Barossi,Obra,Sondagem,Contratado,,Finalizado,Finalizado,,,,
Ride,Premiere,Processos,Consulta de Viabilidade de Água,Contratado,,Emitida,Finalizado,,,,
Ride,Premiere,Processos,Consulta de Viabilidade de Esgoto,Contratado,,Emitida,Finalizado,,,,
Ride,Premiere,Processos,Consulta de Viabilidade de Energia,Contratado,,Emitida,Finalizado,,,,
Ride,A.S Soluções,Processos,Consulta de Viabilidade de Drenagem,Contratado,,20.05.26: Em análise na SMI,Em andamento,,,,
Ride,Premiere,Processos,Consulta de Viabilidade de Resíduos,Contratado,,Premiere,Finalizado,,,,
Ride,Cartesian,Gestão,Coordenação e Compatibilização,Contratado,,Em andamento,Em andamento,,,,
Ride,BCh,Projetos,Projeto - Arquitetônico - Legal,Contratado,,21.05.26: Em andamento,Em andamento,,,,
Ride,BCh,Projetos,Projeto - Arquitetônico - Desenvolvimento,Contratado,,21.05.26: Em andamento,Em andamento,,,,
Ride,BCh / LV,Processos,Aprovação - Arquitetônico,Contratado,,"20.05.26: Protocolo de substituição de projeto a ser realizado - previsão: JUNHO
Projeto Aprovado: PMF E 00098862/2025 - 72501",Aguardando,,JUNHO,,Projeto Aprovado: PMF E 00098862/2025 - 72501
Ride,BCh,Projetos,Projeto - Interiores -  área comum,Contratado,,21.05.26: Em andamento,Em andamento,,,,
Ride,BCh,Projetos,Projeto - Paisagismo,Contratado,,20.05.26: Em andamento,Em andamento,,,,
Ride,Tático,Documentação,Orçamento,Contratado,,20.05.26: orçamento paramétrico já entregue,Em andamento,,,,
Ride,Tático,Documentação,Cronograma de Obra,Contratado,,20.05.26: em andamento,Em andamento,,,,
Ride,Cartesian,Documentação,Compatibilização,Contratado,,Em andamento,Em andamento,,,,
Ride,Habitat,Projetos,Projeto - Estrutural,Contratado,,Em andamento,Em andamento,,,,
Ride,Habitat,Projetos,Projeto -  Fundações e Contenções,Contratado,,Em andamento,Em andamento,,,,
Ride,Premiere,Projetos,Projeto - Hidrossanitário,Contratado,,20.05.26: Projeto legal já aprovado. Projeto básico em andamento,Em andamento,,,,
Ride,Premiere,Processos,Aprovação - Hidrossanitário,Contratado,,21.05.26: Nº do protocolo: 16205/2025 No APROVAÇÃO:29968  DATA: 13/04/2026,Finalizado,,,,
Ride,Premiere,Projetos,Projeto - PPCI,Contratado,,20.05.26: Projeto legal já aprovado. Projeto básico em andamento,Em andamento,,,,
Ride,Premiere,Processos,Aprovação - PPCI,Contratado,,20.05.26: O número do protocolo é o A8105011804A. - aprovado,Finalizado,,,,
Ride,Premiere,Projetos,Projeto - Elétrica e Telecom,Contratado,,20.05.26: Em andamento,Em andamento,,,,
Ride,Premiere,Ambiental,Aprovação - Elétrica,Contratado,,não iniciada,Não iniciado,,,,
Ride,Premiere,Projetos,Projeto Exaustão e Climatização,Contratado,,20.05.26: Em andamento,Em andamento,,,,
Ride,Premiere,Projetos,Projeto de SPDA,Contratado,,20.05.26: Em andamento,Em andamento,,,,
Ride,Smart Home,Projetos,Projeto - Segurança e Automação,Contratado,,20.05.26: Em andamento,Em andamento,,,,
Ride,Renovar,Projetos,Projeto - Ancoragem,Contratado,,20.05.26: Em andamento,Em andamento,,,,
Ride,Arsenal,Projetos,Consultoria - Elevadores,Contratado,,20.05.26: Entregue 1º relatório,Em andamento,,,,
Ride,Redin,Projetos,Projeto - Impermeabilização,Contratado,,20.05.26: Em andamento,Em andamento,,,,
Ride,,Projetos,Projeto - ETE - Implantação,Não iniciado,,,Não iniciado,,,,
Ride,,Projetos,Projeto de Irrigação,Indefinido,,,Não iniciado,,,,
Ride,,Projetos,Comunicação Visual/sinalização,Indefinido,,,Não iniciado,,,,
Ride,,Projetos,Fachada - Projeto de execução,Indefinido,,,Não iniciado,,,,
Ride,Cia H2O,Projetos,Projeto - Piscina,Contratado,,20.05.26: Em andamento,Não iniciado,,,,
Ride,Cia H2O,Projetos,Projeto de Sauna,Contratado,,20.05.26: Em andamento,Não iniciado,,,,
Ride,,Projetos,Luminotécnico,Indefinido,,,Não iniciado,,,,
Ride,Beck & Falk,Projetos,Exaustão,Contratado,,20.05.26: Em andamento,Em andamento,,,,
Ride,Scala,Projetos,Relatório de Desempenho Acústico,Contratado,,20.05.26: Em andamento,Em andamento,,,,
Ride,ComfyLab,Projetos,Relatório de Desempenho Térmico,Contratado,,20.05.26: Em andamento,Em andamento,,,,
Ride,ComfyLab,Projetos,Relatório de Desempenho Lumínico,Contratado,,20.05.26: Em andamento,Em andamento,,,,
Ride,A.S Soluções,Projetos,Projeto de Drenagem,Contratado,,21.05.26: já entregue ,Finalizado,,,,
Ride,A.S Soluções,Projetos,Projeto de Extensão de Rede,Contratado,,21.05.26: já entregue e protocolado,Em análise,,,,
Ride,Rhas,Ambiental,Licenciamento Ambiental,Contratado,,DANC emitida anualmente,Finalizado,,,,
Ride,Rhas,Ambiental,Inventário Florestal,Contratado,,20.05.26: Entregue,Finalizado,,,,
Ride,Rhas,Processos,Autorização de Corte,Contratado,,20.05.26: Protocolada e emitida,Finalizado,,,,
Ride,LV,Projetos,"Projetos para Outorga (Drenagem, praça, etc)",Em andamento,,Em definições internas,Em análise,,,,
Ride,LV,Processos,Aprovação Destinação Outorga,Indefinido,,iniciadas apenas conversas de definições junto à prefeitura,Não iniciado,,,,
Ride,LV,Processos,Aprovação - Arte Pública,Em andamento,,20:05:26: Já protocolado - em análise - aguardando definições,Aguardando,,,,
Ride,LV,Processos,Aprovação - Melhorias Urbanas,Em andamento,,20:05:26: Já protocolado - em análise - aguardando definições,Aguardando,,,,
Ride,LV,Processos,Alvará de Construção,Em andamento,,20.05.26: Protocolado - aguardando nova aprovação para retornarmos,Aguardando,,,,
Ride,Marion,Documentação,Laudo Cautelar de Vizinhança,Contratado,,já realizado,Finalizado,,,,
Ride,Giovana,Documentação,Planilha NBR 12.721,Contratado,,21:05:26: aguardando nova base pl,Não iniciado,,,,
Ride,,Documentação,Registro de Incorporação,Não iniciado,,,,,,,
Ride,,Marketing,Planejamento de Marketing e de Comunicação,Não iniciado,,,,,,,
Ride,,Marketing,Imagens 3d,Não iniciado,,,,,,,
Ride,LV,Comercial,Tabela de Vendas,Em andamento,,21.05.26: em andamento atualização da base da tabela com novas informações do projeto legal.,Em andamento,,,,
Ride,,Comercial,Planejamento de Lançamento,Não iniciado,,,,,,,
Ride,,Gestão,LANÇAMENTO,Não iniciado,,,,,,,
Ride,,Projetos,Projeto de Rebaixamento de Lençol Freático,Não será contratado,,,Não se aplica,,,,
Ride,,Projetos,Consultoria de Certificação,Não será contratado,,,Não se aplica,,,,
Ride,,Projetos,Projeto de Acessibilidade,Não será contratado,,,Não se aplica,,,,
Ride,,Projetos,Energia Fotovoltaica,Não será contratado,,,Não se aplica,,,,
Ride,,Projetos,Drywall,Não será contratado,,,Não se aplica,,,,
Ride,,Projetos,Projeto de Interiores - Área Privativa,Não será contratado,,,Não se aplica,,,,
Ride,,Projetos,Relatório de norma de desempenho - NBR 15.575,Não será contratado,,,,,,,
Ride,,Projetos,Projeto de Subsolo,Não será contratado,,,Não se aplica,,,,
Ride,,Projetos,Projeto - ETE - Empreendimento,Não será contratado,,,Não se aplica,,,,
Altana,-,Documentação,Contrato/ Aditivo,Contratado,, Finalizado,Finalizado,,,,
Altana,Margarete/ Carol,Documentação,Transferência de Escritura/ Registro RI,Contratado,,"21.05.26: Aguardando minuta
15/05/26 - Recebida documentação de proprietários e encaminhada para o cartório finalziar a minuta",Em andamento,,22/05/2026,,
Altana,,Marketing,Pesquisa de Mercado,Não será contratado,,,Não se aplica,,,,
Altana,Guto - LV,Marketing,Vôo de Drone,Contratado,?,Não realizado - verificar necessidade e quando devemos realizar,Não iniciado,,,,
Altana,Blu,Marketing,Desenvolvimento de Produto,Contratado,,,Em andamento,,,,
Altana,Blu,Marketing,Desenvolvimento de Marca,Contratado,,,Em andamento,,,,
Altana,Jonas Topografia,Documentação,Levantamento Planialtimétrico,Contratado,,"21.05.26: Aguardando complementações no levantamento solicitadas pelas disciplinas complementares e ambiental
Entregue levantamento inicial - Base para os projetos. ",Em andamento,,27/05/2026,,
Altana,Barossi,Obra,Percolação e Nível Lençol freático,Contratado,,Finalizado,Finalizado,,,,
Altana,Barossi,Obra,Sondagem,Contratado,,Finalizado,Finalizado,,,,
Altana,Premiere,Processos,Consulta de Viabilidade de Água,Contratado,,21.05.26: Já protocolada Viabilidade de esgoto - 24/04/2026  301644,Em análise,,,,Viabilidade de água - 24/04/2026  301644
Altana,Premiere,Processos,Consulta de Viabilidade de Esgoto,Contratado,,21.05.26: Já protocolada Viabilidade de esgoto - 24/04/2026  301644,Em análise,,,,Viabilidade de esgoto - 24/04/2026  301644
Altana,Premiere,Processos,Consulta de Viabilidade de Energia,Contratado,,21.05.26: Já protocolada - 8075517082,Em análise,,,,Protocolo: 8075517082
Altana,A.S Soluções,Processos,Consulta de Viabilidade de Drenagem,Contratado,,20.05.26: Projetos em andamento,Em andamento,,,,
Altana,A.S Soluções,Processos,Consulta de Viabilidade de Resíduos,Contratado,,21.05.26: Já protocolada PMF E 00122660/2026,Em análise,,,,PMF E 00122660/2026
Altana,Otus,Gestão,Coordenação e Compatibilização,Contratado,,Em andamento,Em andamento,,,,
Altana,BCh,Projetos,Projeto - Arquitetônico - Legal,Contratado,,20.05.26: já entregue versão inicial para aprovação - aguardando análise da prefeitura,Aguardando,,,18/05/2026,
Altana,BCh,Projetos,Projeto - Arquitetônico - Desenvolvimento,Contratado,,21.05.26: Em andamento,Em andamento,,,,
Altana,Bch / LV,Processos,Aprovação - Arquitetônico,Contratado,,"07/05/26: Processo já retornado - analista definido - Ivan
20.05.26: Já protocolado  (PMF E 001093132026)",Em análise,,,,PMF E 001093132026
Altana,,Projetos,Projeto - Interiores -  área comum,Em orçamento,,,Não iniciado,,,,
Altana,,Projetos,Projeto - Paisagismo,,,,Não iniciado,,22/05/2026,,
Altana,Tático,Documentação,Orçamento,Contratado,,20.05.26: Andamento com orçamento paramétrico,Em andamento,,,,
Altana,Tático,Documentação,Cronograma de Obra,Contratado,,20.05.26: em andamento,Em andamento,,,,
Altana,Otus,Documentação,Compatibilização,Contratado,,Em andamento,Em andamento,,,,
Altana,Habitat,Projetos,Projeto - Estrutural,Contratado,,Em andamento,Em andamento,,,,
Altana,Habitat,Projetos,Projeto -  Fundações e Contenções,Contratado,,Em andamento,Em andamento,,,,
Altana,Premiere,Projetos,Projeto - Hidrossanitário,Contratado,,Em andamento,Em andamento,,,,
Altana,Premiere,Processos,Aprovação - Hidrossanitário,Contratado,,,Não iniciado,,,,
Altana,Premiere,Projetos,Projeto - PPCI,Contratado,,20.05.26: em andamento,Em andamento,,,,
Altana,Premiere,Processos,Aprovação - PPCI,Contratado,,,Não iniciado,,,,
Altana,Premiere,Projetos,Projeto - Elétrica e Telecom,Contratado,,20.05.26: Em andamento,Em andamento,,,,
Altana,Premiere,Ambiental,Aprovação - Elétrica,Contratado,,não iniciada,Não iniciado,,,,
Altana,Premiere,Projetos,Projeto Exaustão e Climatização,Contratado,,20.05.26: Em andamento,Em andamento,,,,
Altana,Premiere,Projetos,Projeto de SPDA,Contratado,,20.05.26: Em andamento,Em andamento,,,,
Altana,,Projetos,Projeto - Segurança e Automação,Não iniciado,,,Não iniciado,,,,
Altana,,Projetos,Projeto - Ancoragem,Não iniciado,,,Não iniciado,,,,
Altana,Arsenal,Projetos,Consultoria - Elevadores,Contratado,,,Não iniciado,,,,
Altana,,Projetos,Projeto - Impermeabilização,Não iniciado,,,Não iniciado,,,,
Altana,A.S Soluções,Projetos,Projeto - ETE - Empreendimento,Contratado,,20.05.26: Projeto já entregue,Finalizado,,,,
Altana,A.S Soluções,Projetos,Projeto - ETE - Implantação,Contratado,,Em avaliação das soluções que serão adotadas,Em andamento,,,,
Altana,,Projetos,Projeto de Irrigação,Não iniciado,,,Não iniciado,,,,
Altana,,Projetos,Comunicação Visual/sinalização,Indefinido,,,Não iniciado,,,,
Altana,,Projetos,Fachada - Projeto de execução,Indefinido,,,Não iniciado,,,,
Altana,,Projetos,Projeto - Piscina,Não iniciado,,,Não iniciado,,,,
Altana,,Projetos,Projeto de Sauna,Não iniciado,,,Não iniciado,,,,
Altana,,Projetos,Luminotécnico,Não iniciado,,,Não iniciado,,,,
Altana,,Projetos,Exaustão,Não iniciado,,,Não iniciado,,,,
Altana,,Projetos,Relatório de Desempenho Acústico,Não iniciado,,,Não iniciado,,,,
Altana,,Projetos,Relatório de Desempenho Térmico,Não iniciado,,,Não iniciado,,,,
Altana,,Projetos,Relatório de Desempenho Lumínico,Não iniciado,,,Não iniciado,,,,
Altana,A.S Soluções,Projetos,Projeto de Terraplanagem,Contratado,,20.05.26: Em andamento,Em andamento,,,,
Altana,A.S Soluções,Projetos,Projeto de Infiltração,Contratado,,20.05.26: Em andamento,Em andamento,,,,
Altana,A.S Soluções,Projetos,Projeto de Drenagem,Contratado,,20.05.26: Em andamento,Em andamento,,,,
Altana,A.S Soluções,Projetos,Projeto de Subsolo,Contratado,,20.05.26: Em andamento,Em andamento,,,,
Altana,A.S Soluções,Projetos,Projeto de Extensão de Rede,Contratado,,21.05.26: Em andamento,Em andamento,,,,
Altana,,Ambiental,Projeto - Estudo de Impacto de Vizinhança - EIV,Não será contratado,,,Não se aplica,,,,
Altana,,Processos,Aprovação - Estudo de Impacto de Vizinhança - EIV,Não será contratado,,,Não se aplica,,,,
Altana,A.S Soluções,Ambiental,Licenciamento Ambiental,Contratado,,20.05.26: Em andamento,Em andamento,,,,
Altana,A.S Soluções,Processos,Processo LAP/LAI,Contratado,,,Não iniciado,,,,
Altana,A.S Soluções,Ambiental,Inventário Florestal,Contratado,,20.05.26: Entregue,Finalizado,,,,
Altana,A.S Soluções,Processos,Autorização de Corte,Contratado,,20.05.26: Em análise,Em análise,,,,
Altana,LV,Projetos,"Projetos para Outorga (Drenagem, praça, etc)",Em andamento,,Em definições internas,Em análise,,,,
Altana,LV,Processos,Aprovação Destinação Outorga,Indefinido,,iniciadas apenas conversas de definições junto à prefeitura,Não iniciado,,,,
Altana,LV,Processos,Aprovação - Arte Pública,Em andamento,,20.05.26: a ser protocolado,Aguardando,,,,
Altana,LV,Processos,Aprovação - Melhorias Urbanas,Em andamento,,20.05.26: a ser protocolado,Aguardando,,,,
Altana,LV,Processos,Alvará de Construção,Em andamento,,20.05.26: a ser protocolado,Aguardando,,,,
Altana,,Documentação,Laudo Cautelar de Vizinhança,Não iniciado,,,Não iniciado,,,,
Altana,Giovana,Documentação,Planilha NBR 12.721,Não iniciado,,,Não iniciado,,,,
Altana,,Documentação,Registro de Incorporação,Não iniciado,,,,,,,
Altana,,Marketing,Planejamento de Marketing e de Comunicação,Não iniciado,,,,,,,
Altana,,Marketing,Imagens 3d,Não iniciado,,,,,,,
Altana,LV,Comercial,Tabela de Vendas,Em andamento,,21.05.26: em andamento  base da tabela ,Em andamento,,,,
Altana,,Comercial,Planejamento de Lançamento,Não iniciado,,,,,,,
Altana,,Gestão,LANÇAMENTO,Não iniciado,,,,,,,
Altana,,Projetos,Projeto de Rebaixamento de Lençol Freático,Não será contratado,,,Não se aplica,,,,
Altana,,Projetos,Consultoria de Certificação,Não será contratado,,,Não se aplica,,,,
Altana,,Projetos,Projeto de Acessibilidade,Não será contratado,,,Não se aplica,,,,
Altana,,Projetos,Energia Fotovoltaica,Não será contratado,,,Não se aplica,,,,
Altana,,Projetos,Drywall,Não será contratado,,,Não se aplica,,,,
Altana,,Projetos,Projeto de Interiores - Área Privativa,Não será contratado,,,Não se aplica,,,,
Altana,,Projetos,Relatório de norma de desempenho - NBR 15.575,Não será contratado,,,,,,,
Altana,,Projetos,Projeto de Acesso e Sinalização - SIE,Não será contratado,,,Não se aplica,,,,
Altana,,Processos,Viabilidade - Acesso - SIE ,Não será contratado,,,Não se aplica,,,,
Altana,,Processos,Aprovação - Projeto de acesso - SIE ,Não será contratado,,,Não se aplica,,,,
Cacupé,,Documentação,Contrato/ Aditivo,,,,,,,,
Cacupé,,Documentação,Transferência de Escritura/ Registro RI,,,,,,,,
Cacupé,,Documentação,Retificação/Unificação,,,,,,,,
Cacupé,,Marketing,Pesquisa de Mercado,,,,,,,,
Cacupé,,Marketing,Vôo de Drone,,,,,,,,
Cacupé,,Marketing,Desenvolvimento de Produto,,,,,,,,
Cacupé,,Marketing,Desenvolvimento de Marca,,,,,,,,
Cacupé,,Documentação,Levantamento Planialtimétrico,,,,,,,,
Cacupé,,Obra,Percolação e Nível Lençol freático,,,,,,,,
Cacupé,,Obra,Sondagem,,,,,,,,
Cacupé,,Processos,Consulta de Viabilidade de Água,,,,,,,,
Cacupé,,Processos,Consulta de Viabilidade de Esgoto,,,,,,,,
Cacupé,,Processos,Consulta de Viabilidade de Energia,,,,,,,,
Cacupé,,Processos,Consulta de Viabilidade de Drenagem,,,,,,,,
Cacupé,,Processos,Consulta de Viabilidade de Resíduos,,,,,,,,
Cacupé,,Gestão,Coordenação e Compatibilização,,,,,,,,
Cacupé,,Projetos,Projeto - Arquitetônico - Legal,,,,,,,,
Cacupé,,Projetos,Projeto - Arquitetônico - Desenvolvimento,,,,,,,,
Cacupé,,Processos,Aprovação - Arquitetônico,,,,,,,,
Cacupé,,Projetos,Projeto - Interiores -  área comum,,,,,,,,
Cacupé,,Projetos,Projeto de Interiores - Comercial,,,,,,,,
Cacupé,,Projetos,Projeto - Paisagismo,,,,,,,,
Cacupé,,Documentação,Orçamento,,,,,,,,
Cacupé,,Documentação,Cronograma de Obra,,,,,,,,
Cacupé,,Documentação,Compatibilização,,,,,,,,
Cacupé,,Projetos,Projeto - Estrutural,,,,,,,,
Cacupé,,Projetos,Projeto -  Fundações e Contenções,,,,,,,,
Cacupé,,Projetos,Projeto - Hidrossanitário,,,,,,,,
Cacupé,,Processos,Aprovação - Hidrossanitário,,,,,,,,
Cacupé,,Projetos,Projeto - PPCI,,,,,,,,
Cacupé,,Processos,Aprovação - PPCI,,,,,,,,
Cacupé,,Projetos,Projeto - Elétrica e Telecom,,,,,,,,
Cacupé,,Ambiental,Aprovação - Elétrica,,,,,,,,
Cacupé,,Projetos,Projeto Exaustão e Climatização,,,,,,,,
Cacupé,,Projetos,Projeto de SPDA,,,,,,,,
Cacupé,,Projetos,Projeto - Segurança e Automação,,,,,,,,
Cacupé,,Projetos,Projeto - Ancoragem,,,,,,,,
Cacupé,,Projetos,Consultoria - Elevadores,,,,,,,,
Cacupé,,Projetos,Projeto - Impermeabilização,,,,,,,,
Cacupé,,Projetos,Projeto - ETE - Empreendimento,,,,,,,,
Cacupé,,Projetos,Projeto - ETE - Implantação,,,,,,,,
Cacupé,,Projetos,Projeto de Irrigação,,,,,,,,
Cacupé,,Projetos,Comunicação Visual/sinalização,,,,,,,,
Cacupé,,Projetos,Fachada - Projeto de execução,,,,,,,,
Cacupé,,Projetos,Projeto - Piscina,,,,,,,,
Cacupé,,Projetos,Projeto de Sauna,,,,,,,,
Cacupé,,Projetos,Luminotécnico,,,,,,,,
Cacupé,,Projetos,Exaustão,,,,,,,,
Cacupé,,Projetos,Relatório de Desempenho Acústico,,,,,,,,
Cacupé,,Projetos,Relatório de Desempenho Térmico,,,,,,,,
Cacupé,,Projetos,Relatório de Desempenho Lumínico,,,,,,,,
Cacupé,,Projetos,Projeto de Terraplanagem,,,,,,,,
Cacupé,,Projetos,Projeto de Infiltração,,,,,,,,
Cacupé,,Projetos,Projeto de Drenagem,,,,,,,,
Cacupé,,Projetos,Projeto de Subsolo,,,,,,,,
Cacupé,,Projetos,Projeto de Extensão de Rede,,,,,,,,
Cacupé,,Ambiental,Projeto - Estudo de Impacto de Vizinhança - EIV,,,,,,,,
Cacupé,,Processos,Aprovação - Estudo de Impacto de Vizinhança - EIV,,,,,,,,
Cacupé,,Ambiental,Licenciamento Ambiental,,,,,,,,
Cacupé,,Processos,Processo LAP/LAI,,,,,,,,
Cacupé,,Ambiental,Inventário Florestal,,,,,,,,
Cacupé,,Processos,Autorização de Corte,,,,,,,,
Cacupé,,Projetos,"Projetos para Outorga (Drenagem, praça, etc)",,,,,,,,
Cacupé,,Processos,Aprovação Destinação Outorga,,,,,,,,
Cacupé,,Processos,Aprovação - Arte Pública,,,,,,,,
Cacupé,,Processos,Aprovação - Melhorias Urbanas,,,,,,,,
Cacupé,,Processos,Alvará de Construção,,,,,,,,
Cacupé,,Documentação,Laudo Cautelar de Vizinhança,,,,,,,,
Cacupé,,Documentação,Planilha NBR 12.721,,,,,,,,
Cacupé,,Documentação,Registro de Incorporação,,,,,,,,
Cacupé,,Marketing,Planejamento de Marketing e de Comunicação,,,,,,,,
Cacupé,,Marketing,Imagens 3d,,,,,,,,
Cacupé,,Comercial,Tabela de Vendas,,,,,,,,
Cacupé,,Comercial,Planejamento de Lançamento,,,,,,,,
Cacupé,,Gestão,LANÇAMENTO,,,,,,,,
Cacupé,,Projetos,Projeto de Rebaixamento de Lençol Freático,,,,,,,,
Cacupé,,Projetos,Consultoria de Certificação,,,,,,,,
Cacupé,,Projetos,Projeto de Acessibilidade,,,,,,,,
Cacupé,,Projetos,Energia Fotovoltaica,,,,,,,,
Cacupé,,Projetos,Drywall,,,,,,,,
Cacupé,,Projetos,Projeto de Interiores - Área Privativa,,,,,,,,
Cacupé,,Projetos,Relatório de norma de desempenho - NBR 15.575,,,,,,,,
Cacupé,,Projetos,Projeto de Acesso e Sinalização - SIE,,,,,,,,
Cacupé,,Processos,Viabilidade - Acesso - SIE ,,,,,,,,
Cacupé,,Processos,Aprovação - Projeto de acesso - SIE ,,,,,,,,